{
    "RandomForest": {
        "MAE": 2.549366719348165,
        "R2": 0.9735770074217525
    },
    "XGBoost": {
        "MAE": 2.7557153804374264,
        "R2": 0.9732326027477353
    },
    "LightGBM": {
        "MAE": 2.9696329896175997,
        "R2": 0.9721802847640492
    }
}